{
  "project_info": {
    "project_number": "1072591825541",
    "project_id": "sample-collection-35188",
    "storage_bucket": "sample-collection-35188.appspot.com"
  },
  "client": [
    {
      "client_info": {
        "mobilesdk_app_id": "1:1072591825541:android:b1908c06d96196693357ec",
        "android_client_info": {
          "package_name": "com.test.samplecollection"
        }
      },
      "oauth_client": [],
      "api_key": [
        {
          "current_key": "AIzaSyCAT2EAMeMQL4CyPTfj7YgqRb6jTLzNd9A"
        }
      ],
      "services": {
        "appinvite_service": {
          "other_platform_oauth_client": []
        }
      }
    }
  ],
  "configuration_version": "1"
}